Est,SE,SE.B,Est.Numer.1,Est.Numer.0,Est.Denom,Est.True,SE.True,SE.B.True,Est.Numer.1.True,Est.Numer.0.True,Est.Denom.True,SE.h11.PMMR,SE.q11.PMMR,SE.h11.True,SE.q11.True
2.299506505,0.407158976,0.407513246,2.493308709,1.159594935,0.58,2.219179476,0.321942103,0.318581343,2.446719031,1.159594935,0.58,1.552118093,5.924170233,2.091349287,0.050648914
