Est,SE,SE.B,Est.Numer.1,Est.Numer.0,Est.Denom,Est.True,SE.True,SE.B.True,Est.Numer.1.True,Est.Numer.0.True,Est.Denom.True,SE.h11.PMMR,SE.q11.PMMR,SE.h11.True,SE.q11.True
2.621225516,0.664207011,0.661123189,3.154962468,1.424953628,0.66,1.939588393,0.265702479,0.269612558,2.705081967,1.424953628,0.66,1.400417505,7.201668708,2.069800325,0.050827846
